Date de comptabilisation;Libelle simplifie;Libelle operation;Reference;Informations complementaires;Type operation;Categorie;Sous categorie;Debit;Credit;Date operation;Date de valeur;Pointage operation
22/03/2025;AREA;CB AREA NFC FACT 200325;;;Carte bancaire;Transports;Peage et Stationnement;-2,4;;20/03/2025;24/03/2025;0
22/03/2025;AREA;CB AREA NFC FACT 200325;;;Carte bancaire;Transports;Peage et Stationnement;-2,4;;20/03/2025;24/03/2025;0
22/03/2025;BOULANGERIE DU;CB BOULANGERIE DU FACT 200325;;;Carte bancaire;Alimentation;Alimentation - autre;-3,45;;20/03/2025;24/03/2025;0
21/03/2025;VIREMENT VERS CPT DEPOT PART.;VIREMENT VERS CPT DEPOT PART.;2508085IN0103420;;Virement recu;Transaction exclue;Virement interne;;800;21/03/2025;21/03/2025;0
21/03/2025;RENFLOUEMENT;RENFLOUEMENT;2508085IN0073599;;Virement recu;Transaction exclue;Virement interne;;400;21/03/2025;21/03/2025;0
21/03/2025;INTERMARCHE;CB INTERMARCHE FACT 190325;;;Carte bancaire;Alimentation;Hyper/supermarche;-76,18;;19/03/2025;21/03/2025;0
21/03/2025;LIDL;CB LIDL 2612 FACT 190325;;;Carte bancaire;Alimentation;Hyper/supermarche;-110,06;;19/03/2025;21/03/2025;0
21/03/2025;PKSURFVOIRON-PB;CB PKSURFVOIRON-PB FACT 190325;;;Carte bancaire;Juridique et administratif;Juridique et administratif - autre;-1,95;;19/03/2025;21/03/2025;0
21/03/2025;L'AUREE DES JEU;CB L'AUREE DES JEU FACT 190325;;;Carte bancaire;Logement - maison;Ameublement et appareil;-12,5;;19/03/2025;21/03/2025;0
21/03/2025;BOUCHERIE DU LAC;CB BOUCHERIE DU LA FACT 180325;;;Carte bancaire;Alimentation;Alimentation - autre;-5,38;;18/03/2025;21/03/2025;0
21/03/2025;AMREST OPCO - LYON VENISSIEUX;CB KFC MOULIN A VE FACT 180325;;;Carte bancaire;Alimentation;Restauration rapide;-9,95;;18/03/2025;21/03/2025;0
21/03/2025;AMREST OPCO - LYON VENISSIEUX;CB KFC MOULIN A VE FACT 180325;;;Carte bancaire;Alimentation;Restauration rapide;-9,95;;18/03/2025;21/03/2025;0
20/03/2025;EDF;PRLV EDF clients particuliers;2507785G10433323;2507785G10433323-;Prelevement;Logement - maison;Energie eau, gaz, electricite, fioul ;-173,98;;20/03/2025;20/03/2025;0
20/03/2025;LE PETIT CASINO;CB LE PETIT CASINO FACT 180325;;;Carte bancaire;Alimentation;Hyper/supermarche;-5,49;;18/03/2025;20/03/2025;0
20/03/2025;AREA;CB A.R.E.A. FACT 180325;;;Carte bancaire;Transports;Peage et Stationnement;-6,8;;18/03/2025;20/03/2025;0
20/03/2025;AREA;CB A.R.E.A. FACT 180325;;;Carte bancaire;Transports;Peage et Stationnement;-6,8;;18/03/2025;20/03/2025;0
20/03/2025;PARC TONY GARNIER;CB LPA TONY GARNIE FACT 180325;;;Carte bancaire;Transports;Peage et Stationnement;-12,8;;18/03/2025;20/03/2025;0
19/03/2025;CHEQUE N0295;CHEQUE N�0000295;;;Cheque;A categoriser - sortie d'argent;Cheque - a categoriser;-145,32;;19/03/2025;19/03/2025;0
19/03/2025;BOULANGERIE DU;CB BOULANGERIE DU FACT 170325;;;Carte bancaire;Alimentation;Alimentation - autre;-4,1;;17/03/2025;19/03/2025;0
19/03/2025;AREA;CB AREA NFC FACT 170325;;;Carte bancaire;Transports;Peage et Stationnement;-2,4;;17/03/2025;19/03/2025;0
19/03/2025;AREA;CB AREA NFC FACT 170325;;;Carte bancaire;Transports;Peage et Stationnement;-2,4;;17/03/2025;19/03/2025;0
18/03/2025;DGFIP;PRLV DIRECTION GENERALE DES FINA;2507185G10306864;2507185G10306864-;Prelevement;Impots et taxes;Impots et taxes - autre;-90;;18/03/2025;18/03/2025;0
18/03/2025;LE PROVENCAL;CB LE PROVENCAL FACT 160325;;;Carte bancaire;Alimentation;Hyper/supermarche;-8,94;;16/03/2025;18/03/2025;0
18/03/2025;BOULANGERIE DU;CB BOULANGERIE DU FACT 160325;;;Carte bancaire;Alimentation;Alimentation - autre;-6,4;;16/03/2025;18/03/2025;0
18/03/2025;BOUCHERIE DU LAC;CB BOUCHERIE DU LA FACT 150325;;;Carte bancaire;Alimentation;Alimentation - autre;-10,77;;15/03/2025;18/03/2025;0
18/03/2025;BOUCHERIE DU LAC;CB BOUCHERIE DU LA FACT 150325;;;Carte bancaire;Alimentation;Alimentation - autre;-6,07;;15/03/2025;18/03/2025;0
18/03/2025;GARAGE HENRI CHABOUD;CB GARAGE CHABOUD FACT 150325;;;Carte bancaire;Transports;Carburant;-45,44;;15/03/2025;18/03/2025;0
17/03/2025;AVANSSUR;PRLV AVANSSUR;2507385G10498211;2507385G10498211-;Prelevement;Banque et assurances;Banque et assurance - autre;-43,45;;17/03/2025;17/03/2025;0
17/03/2025;RETRAIT D'ESPECES;RETRAIT DAB 0230620 160325 08H18;;;Retrait d'especes;A categoriser - sortie d'argent;Retrait d'especes - a categoriser;-30;;16/03/2025;16/03/2025;0
17/03/2025;BOULANGERIE DU;CB BOULANGERIE DU FACT 150325;;;Carte bancaire;Alimentation;Alimentation - autre;-5,35;;15/03/2025;17/03/2025;0
17/03/2025;LE PETIT CASINO;CB LE PETIT CASINO FACT 150325;;;Carte bancaire;Alimentation;Hyper/supermarche;-8,31;;15/03/2025;17/03/2025;0
17/03/2025;AREA;CB A.R.E.A. FACT 140325;;;Carte bancaire;Transports;Peage et Stationnement;-2,4;;14/03/2025;17/03/2025;0
17/03/2025;MARIE BLACHERE;CB MARIE BLACHERE FACT 140325;;;Carte bancaire;Alimentation;Alimentation - autre;-12,9;;14/03/2025;17/03/2025;0
17/03/2025;DR SALOMON;CB DR SALOMON FACT 130325;;;Carte bancaire;Sante;Consultation medicale;-48,45;;13/03/2025;17/03/2025;0
15/03/2025;RETRAIT D'ESPECES;RETRAIT DAB 0230620 150325 18H31;;;Retrait d'especes;A categoriser - sortie d'argent;Retrait d'especes - a categoriser;-100;;15/03/2025;15/03/2025;0
15/03/2025;CHARAVINES TIPI;CB CHARAVINES TIPI FACT 130325;;;Carte bancaire;Juridique et administratif;Juridique et administratif - autre;-50,15;;13/03/2025;17/03/2025;0
15/03/2025;AREA;CB AREA NFC FACT 130325;;;Carte bancaire;Transports;Peage et Stationnement;-2,4;;13/03/2025;17/03/2025;0
15/03/2025;AREA;CB AREA NFC FACT 130325;;;Carte bancaire;Transports;Peage et Stationnement;-2,4;;13/03/2025;17/03/2025;0
15/03/2025;PKSURFVOIRON-PB;CB PKSURFVOIRON-PB FACT 130325;;;Carte bancaire;Juridique et administratif;Juridique et administratif - autre;-0,2;;13/03/2025;17/03/2025;0
15/03/2025;BOULANG PIERRE;CB BOULANG PIERRE FACT 130325;;;Carte bancaire;Alimentation;Alimentation - autre;-3,5;;13/03/2025;17/03/2025;0
15/03/2025;BOUCHERIE DU LAC;CB BOUCHERIE DU LA FACT 120325;;;Carte bancaire;Alimentation;Alimentation - autre;-8,48;;12/03/2025;17/03/2025;0
14/03/2025;REMISE COTISATIONS; REMISE OFFRE CONFORT;;;Frais bancaires;Banque et assurances;Frais bancaires;;20,91;14/03/2025;14/03/2025;0
14/03/2025;COTISATIONS BANCAIRES; FORMULE FAMILLE CONFORT;;;Frais bancaires;Banque et assurances;Frais bancaires;-19,7;;14/03/2025;14/03/2025;0
14/03/2025;COTISATIONS BANCAIRES; OFFRE CONFORT;;;Frais bancaires;Banque et assurances;Frais bancaires;-20,91;;14/03/2025;14/03/2025;0
14/03/2025;EPICES ET NOUS;CB EPICES ET NOUS FACT 120325;;;Carte bancaire;Shopping et services;Shopping et services - autre;-14,83;;12/03/2025;14/03/2025;0
14/03/2025;PKSURFVOIRON-PB;CB PKSURFVOIRON-PB FACT 120325;;;Carte bancaire;Juridique et administratif;Juridique et administratif - autre;-1,95;;12/03/2025;14/03/2025;0
14/03/2025;L' EAU VIVE;CB SNC L'EAU VIVE FACT 120325;;;Carte bancaire;Alimentation;Hyper/supermarche;-9,4;;12/03/2025;14/03/2025;0
14/03/2025;LA HALTE FERMIE;CB LA HALTE FERMIE FACT 120325;;;Carte bancaire;Alimentation;Petit commercant;-34,93;;12/03/2025;14/03/2025;0
13/03/2025;CHEQUE N0297;CHEQUE N�0000297;;;Cheque;A categoriser - sortie d'argent;Cheque - a categoriser;-35;;13/03/2025;13/03/2025;0
12/03/2025;AREA NFC;CB AREA NFC FACT 100325;;;Carte bancaire;Transports;Peage et Stationnement;-2,4;;10/03/2025;12/03/2025;0
12/03/2025;DALLMAYR DISTRIBUTION AUTOMATIQUE FRANCE;CB DALLMAYR DIST FACT 100325;;;Carte bancaire;Shopping et services;Shopping et services - autre;-5;;10/03/2025;12/03/2025;0
11/03/2025;CHEQUE N0231;CHEQUE N�0000231;;;Cheque;A categoriser - sortie d'argent;Cheque - a categoriser;-100;;11/03/2025;11/03/2025;0
11/03/2025;CHEQUE N0293;CHEQUE N�0000293;;;Cheque;A categoriser - sortie d'argent;Cheque - a categoriser;-60;;11/03/2025;11/03/2025;0
11/03/2025;BOULANGERIE DU;CB BOULANGERIE DU FACT 090325;;;Carte bancaire;Alimentation;Alimentation - autre;-9,35;;09/03/2025;11/03/2025;0
11/03/2025;AREA NFC;CB AREA NFC FACT 090325;;;Carte bancaire;Transports;Peage et Stationnement;-5,1;;09/03/2025;11/03/2025;0
10/03/2025;VTT STAGE;VTT STAGE;2506985IN0057742;VIREMENT DE M PIERRE SEVAJOL-VIREMENT DE M PIERRE SEVAJOL;Virement recu;A categoriser - rentree d'argent;Virement recu - a categoriser;;560;10/03/2025;10/03/2025;0
10/03/2025;COMMUNAUTE AGGLOMERATION PAYS VOIRONNAIS;PRLV SGC VOIRON;2506585G11168112;2506585G11168112-;Prelevement;Juridique et administratif;Juridique et administratif - autre;-35;;10/03/2025;10/03/2025;0
10/03/2025;RETRAIT D'ESPECES;RETRAIT DAB 0218180 090325 17H56;;;Retrait d'especes;A categoriser - sortie d'argent;Retrait d'especes - a categoriser;-200;;09/03/2025;09/03/2025;0
10/03/2025;RETRAIT D'ESPECES;RETRAIT DAB 0218180 090325 17H56;;;Retrait d'especes;A categoriser - sortie d'argent;Retrait d'especes - a categoriser;-200;;09/03/2025;09/03/2025;0
10/03/2025;MAGASIN U;CB MAGASIN U FACT 080325;;;Carte bancaire;Alimentation;Hyper/supermarche;-150,9;;08/03/2025;10/03/2025;0
10/03/2025;DARTY APPRIEU;CB DARTY APPRIEU FACT 080325;;;Carte bancaire;Shopping et services;High-Tech/Electromenager;-41,9;;08/03/2025;10/03/2025;0
10/03/2025;MARIE BLACHERE;CB MARIE BLACHERE FACT 080325;;;Carte bancaire;Alimentation;Alimentation - autre;-1,9;;08/03/2025;10/03/2025;0
10/03/2025;MAGASIN U;CB MAGASIN U FACT 080325;;;Carte bancaire;Alimentation;Hyper/supermarche;-6,17;;08/03/2025;10/03/2025;0
10/03/2025;PRODUCTEURS DE SAVEURS;CB PRODUCTEURS SAV FACT 080325;;;Carte bancaire;Alimentation;Hyper/supermarche;-54,45;;08/03/2025;10/03/2025;0
10/03/2025;INTERMARCHE;CB INTERMARCHE APP FACT 080325;;;Carte bancaire;Alimentation;Hyper/supermarche;-5,16;;08/03/2025;10/03/2025;0
10/03/2025;CAVE DU VAL D'A;CB CAVE DU VAL D'A FACT 070325;;;Carte bancaire;Alimentation;Hyper/supermarche;-20;;07/03/2025;10/03/2025;0
10/03/2025;EPICES ET NOUS;CB EPICES ET NOUS FACT 070325;;;Carte bancaire;Shopping et services;Shopping et services - autre;-11,6;;07/03/2025;10/03/2025;0
10/03/2025;LES DELICE D'A;CB LES DELICE D'A FACT 070325;;;Carte bancaire;Alimentation;Alimentation - autre;-8,3;;07/03/2025;10/03/2025;0
10/03/2025;LE PETIT CASINO;CB LE PETIT CASINO FACT 070325;;;Carte bancaire;Alimentation;Hyper/supermarche;-3,6;;07/03/2025;10/03/2025;0
10/03/2025;BOUCHERIE DU LA;CB BOUCHERIE DU LA FACT 070325;;;Carte bancaire;Alimentation;Alimentation - autre;-5,9;;07/03/2025;10/03/2025;0
10/03/2025;BOUCHERIE DU LA;CB BOUCHERIE DU LA FACT 060325;;;Carte bancaire;Alimentation;Alimentation - autre;-8,38;;06/03/2025;10/03/2025;0
08/03/2025;RANDO PONEY VOLTIGE TELEPHONE;RANDO PONEY VOLTIGE TELEPHONE;2506785IN0140979;VIREMENT DE M PIERRE SEVAJOL-VIREMENT DE M PIERRE SEVAJOL;Virement recu;A categoriser - rentree d'argent;Virement recu - a categoriser;;175;08/03/2025;08/03/2025;0
08/03/2025;AREA NFC;CB AREA NFC FACT 060325;;;Carte bancaire;Transports;Peage et Stationnement;-2,4;;06/03/2025;10/03/2025;0
08/03/2025;BOULANGERIE DU;CB BOULANGERIE DU FACT 060325;;;Carte bancaire;Alimentation;Alimentation - autre;-6,15;;06/03/2025;10/03/2025;0
08/03/2025;LE PETIT CASINO;CB LE PETIT CASINO FACT 060325;;;Carte bancaire;Alimentation;Hyper/supermarche;-3,24;;06/03/2025;10/03/2025;0
07/03/2025;EPICES ET NOUS;CB EPICES ET NOUS FACT 050325;;;Carte bancaire;Shopping et services;Shopping et services - autre;-17,72;;05/03/2025;07/03/2025;0
06/03/2025;CHEQUE N0294;CHEQUE N�0000294;;;Cheque;A categoriser - sortie d'argent;Cheque - a categoriser;-90;;06/03/2025;06/03/2025;0
06/03/2025;EDITIONS DUPUIS;PRLV EDITIONS DUPUIS;2506485G10286568;2506485G10286568-;Prelevement;Loisirs et vacances;Livres, Magazines;-9,9;;06/03/2025;06/03/2025;0
06/03/2025;AREA NFC;CB AREA NFC FACT 040325;;;Carte bancaire;Transports;Peage et Stationnement;-2,4;;04/03/2025;06/03/2025;0
06/03/2025;AREA NFC;CB AREA NFC FACT 040325;;;Carte bancaire;Transports;Peage et Stationnement;-2,4;;04/03/2025;06/03/2025;0
05/03/2025;TELERAMA;PRLV TELERAMA;2506285G11551289;2506285G11551289-;Prelevement;Loisirs et vacances;Livres, Magazines;-11,85;;05/03/2025;05/03/2025;0
05/03/2025;AXA;PRLV AXA;2505785G10458848;2505785G10458848-;Prelevement;Banque et assurances;Banque et assurance - autre;-8,2;;05/03/2025;05/03/2025;0
05/03/2025;AXA;PRLV AXA;2505785G10153906;2505785G10153906-;Prelevement;Banque et assurances;Banque et assurance - autre;-34,71;;05/03/2025;05/03/2025;0
05/03/2025;AXA;PRLV AXA;2505785G10153569;2505785G10153569-;Prelevement;Banque et assurances;Banque et assurance - autre;-45,85;;05/03/2025;05/03/2025;0
05/03/2025;ECHEANCE DE CREDIT;ECH PRET 154925G DU 05/03/25;;;Pret;Banque et assurances;Credit;-581,48;;05/03/2025;05/03/2025;0
05/03/2025;ECHEANCE DE CREDIT;ECH PRET 154924G DU 05/03/25;;;Pret;Banque et assurances;Credit;-195,07;;05/03/2025;05/03/2025;0
05/03/2025;AREA;CB A.R.E.A. FACT 030325;;;Carte bancaire;Transports;Peage et Stationnement;-2,4;;03/03/2025;05/03/2025;0
05/03/2025;AREA;CB A.R.E.A. FACT 030325;;;Carte bancaire;Transports;Peage et Stationnement;-2,4;;03/03/2025;05/03/2025;0
05/03/2025;CHEZ L'ANCIEN;CB CHEZ L'ANCIEN FACT 030325;;;Carte bancaire;Alimentation;Restauration rapide;-5,3;;03/03/2025;05/03/2025;0
04/03/2025;RETRAIT D'ESPECES;RETRAIT DAB 0230620 040325 18H44;;;Retrait d'especes;A categoriser - sortie d'argent;Retrait d'especes - a categoriser;-30;;04/03/2025;04/03/2025;0
04/03/2025;FREE MOBILE;PRLV FREE MOBILE;2506285G11356480;2506285G11356480-;Prelevement;Logement - maison;Internet et telephonie;-2;;04/03/2025;04/03/2025;0
04/03/2025;CHEQUE N0291;CHEQUE N�0000291;;;Cheque;A categoriser - sortie d'argent;Cheque - a categoriser;-60;;04/03/2025;04/03/2025;0
04/03/2025;SUMUP LAMBERT;CB SUMUP LAMBERT FACT 020325;;;Carte bancaire;Alimentation;Hyper/supermarche;-5,8;;02/03/2025;04/03/2025;0
04/03/2025;BOULANGERIE DU;CB BOULANGERIE DU FACT 020325;;;Carte bancaire;Alimentation;Alimentation - autre;-2,7;;02/03/2025;04/03/2025;0
04/03/2025;BOULANGERIE DU;CB BOULANGERIE DU FACT 020325;;;Carte bancaire;Alimentation;Alimentation - autre;-5,65;;02/03/2025;04/03/2025;0
04/03/2025;BOUCHERIE DU LA;CB BOUCHERIE DU LA FACT 010325;;;Carte bancaire;Alimentation;Alimentation - autre;-7,01;;01/03/2025;04/03/2025;0
03/03/2025;ORANGE;PRLV Orange SA;2505685G10373604;2505685G10373604-;Prelevement;Logement - maison;Internet et telephonie;-34,01;;03/03/2025;03/03/2025;0
03/03/2025;BIOCOOP;CB BIOCOOP FACT 010325;;;Carte bancaire;Alimentation;Hyper/supermarche;-21,97;;01/03/2025;03/03/2025;0
03/03/2025;SARL LE BOUQUET PAYSAN;CB LE BOUQUET PAYS FACT 010325;;;Carte bancaire;Alimentation;Hyper/supermarche;-5,33;;01/03/2025;03/03/2025;0
03/03/2025;SARL LE BOUQUET PAYSAN;CB LE BOUQUET PAYS FACT 010325;;;Carte bancaire;Alimentation;Hyper/supermarche;-18,15;;01/03/2025;03/03/2025;0
03/03/2025;SUPER U;CB SUPER U FACT 010325;;;Carte bancaire;Alimentation;Hyper/supermarche;-106,22;;01/03/2025;03/03/2025;0
03/03/2025;AREA;CB A.R.E.A. FACT 280225;;;Carte bancaire;Transports;Peage et Stationnement;-2,4;;28/02/2025;03/03/2025;0
03/03/2025;LE PETIT CASINO;CB LE PETIT CASINO FACT 280225;;;Carte bancaire;Alimentation;Hyper/supermarche;-12,21;;28/02/2025;03/03/2025;0
03/03/2025;AREA NFC;CB AREA NFC FACT 270225;;;Carte bancaire;Transports;Peage et Stationnement;-2,4;;27/02/2025;03/03/2025;0
01/03/2025;CHARAVINES TIPI;CB CHARAVINES TIPI FACT 270225;;;Carte bancaire;Juridique et administratif;Juridique et administratif - autre;-42,75;;27/02/2025;03/03/2025;0
01/03/2025;BOUCHERIE DU LA;CB BOUCHERIE DU LA FACT 260225;;;Carte bancaire;Alimentation;Alimentation - autre;-15,63;;26/02/2025;03/03/2025;0
28/02/2025;GARAGE HENRI CHABOUD;CB GARAGE CHABOUD FACT 260225;;;Carte bancaire;Transports;Entretien de vehicule;-17,97;;26/02/2025;28/02/2025;0
28/02/2025;BOUCHERIE DU LA;CB BOUCHERIE DU LA FACT 250225;;;Carte bancaire;Alimentation;Alimentation - autre;-11,33;;25/02/2025;28/02/2025;0
28/02/2025;BOULANGERIE DU;CB BOULANGERIE DU FACT 240225;;;Carte bancaire;Alimentation;Alimentation - autre;-5,7;;24/02/2025;28/02/2025;0
27/02/2025;VIREMENT VERS LIVRET A;VIREMENT VERS LIVRET A;2505885IN0243677;;Virement;Transaction exclue;Virement interne;-700;;27/02/2025;27/02/2025;0
27/02/2025;SALAIRE;SALAIRE;2505885IN0239518;;Virement recu;Transaction exclue;Virement interne;;2500;27/02/2025;27/02/2025;0
27/02/2025;VIREMENT VERS CPT DEPOT PART.;VIREMENT VERS CPT DEPOT PART.;2505885IN0114413;;Virement recu;Transaction exclue;Virement interne;;700;27/02/2025;27/02/2025;0
27/02/2025;LE PETIT CASINO;CB LE PETIT CASINO FACT 250225;;;Carte bancaire;Alimentation;Hyper/supermarche;-4,87;;25/02/2025;27/02/2025;0
26/02/2025;CHEQUE N0289;CHEQUE N�0000289;;;Cheque;A categoriser - sortie d'argent;Cheque - a categoriser;-90;;26/02/2025;26/02/2025;0
26/02/2025;CHEQUE N0292;CHEQUE N�0000292;;;Cheque;A categoriser - sortie d'argent;Cheque - a categoriser;-172;;26/02/2025;26/02/2025;0
26/02/2025;AREA NFC;CB AREA NFC FACT 240225;;;Carte bancaire;Transports;Peage et Stationnement;-3,8;;24/02/2025;26/02/2025;0
26/02/2025;AREA NFC;CB AREA NFC FACT 240225;;;Carte bancaire;Transports;Peage et Stationnement;-2,4;;24/02/2025;26/02/2025;0
26/02/2025;ISADORIN;CB ISADORIN FACT 220225;;;Carte bancaire;Transports;Carburant;-78,86;;22/02/2025;26/02/2025;0
25/02/2025;BOULANGERIE DU;CB BOULANGERIE DU FACT 230225;;;Carte bancaire;Alimentation;Alimentation - autre;-6,95;;23/02/2025;25/02/2025;0
25/02/2025;DJG PRIMEUR;CB DJG PRIMEUR FACT 230225;;;Carte bancaire;Alimentation;Hyper/supermarche;-20,7;;23/02/2025;25/02/2025;0
25/02/2025;GAEC DE SARAPIN;CB GAEC DE SARAPIN FACT 230225;;;Carte bancaire;Alimentation;Alimentation - autre;-15,34;;23/02/2025;25/02/2025;0
25/02/2025;BOUCHERIE DU LA;CB BOUCHERIE DU LA FACT 220225;;;Carte bancaire;Alimentation;Alimentation - autre;-10,19;;22/02/2025;25/02/2025;0
25/02/2025;LIDL;CB LIDL 2612 FACT 220225;;;Carte bancaire;Alimentation;Hyper/supermarche;-83,73;;22/02/2025;25/02/2025;0
25/02/2025;INTERMARCHE;CB INTERMARCHE FACT 220225;;;Carte bancaire;Alimentation;Hyper/supermarche;-66,2;;22/02/2025;25/02/2025;0
25/02/2025;TABAC DU LAC;CB TABAC DU LAC FACT 220225;;;Carte bancaire;Shopping et services;Tabac-Presse;-3,5;;22/02/2025;25/02/2025;0
25/02/2025;LES DELICE D'A;CB LES DELICE D'A FACT 220225;;;Carte bancaire;Alimentation;Alimentation - autre;-9,3;;22/02/2025;25/02/2025;0
24/02/2025;RETRAIT D'ESPECES;RETRAIT DAB 0230620 230225 08H31;;;Retrait d'especes;A categoriser - sortie d'argent;Retrait d'especes - a categoriser;-150;;23/02/2025;23/02/2025;0
24/02/2025;AREA;CB A.R.E.A. FACT 210225;;;Carte bancaire;Transports;Peage et Stationnement;-2,4;;21/02/2025;24/02/2025;0
24/02/2025;AREA;CB A.R.E.A. FACT 210225;;;Carte bancaire;Transports;Peage et Stationnement;-2,4;;21/02/2025;24/02/2025;0
24/02/2025;EPICES ET NOUS;CB EPICES ET NOUS FACT 210225;;;Carte bancaire;Shopping et services;Shopping et services - autre;-18,3;;21/02/2025;24/02/2025;0
24/02/2025;BOULANGERIE DU;CB BOULANGERIE DU FACT 210225;;;Carte bancaire;Alimentation;Alimentation - autre;-3;;21/02/2025;24/02/2025;0
24/02/2025;FORF P.STAT WEB;CB FORF P.STAT WEB FACT 210225;;;Carte bancaire;Juridique et administratif;Juridique et administratif - autre;-17;;21/02/2025;24/02/2025;0
22/02/2025;AREA NFC;CB AREA NFC FACT 200225;;;Carte bancaire;Transports;Peage et Stationnement;-3,8;;20/02/2025;24/02/2025;0
22/02/2025;AREA NFC;CB AREA NFC FACT 200225;;;Carte bancaire;Transports;Peage et Stationnement;-2,4;;20/02/2025;24/02/2025;0
22/02/2025;BOULANGERIE DU;CB BOULANGERIE DU FACT 190225;;;Carte bancaire;Alimentation;Alimentation - autre;-5,95;;19/02/2025;24/02/2025;0
22/02/2025;COOPERATIVE DAUPHINOISE;CB COOP DAUPHINOIS FACT 190225;;;Carte bancaire;Shopping et services;Shopping et services - autre;-106,71;;19/02/2025;24/02/2025;0
20/02/2025;EDF;PRLV EDF clients particuliers;2504985G10387365;2504985G10387365-;Prelevement;Logement - maison;Energie eau, gaz, electricite, fioul ;-173,98;;20/02/2025;20/02/2025;0
20/02/2025;LE PETIT CASINO;CB LE PETIT CASINO FACT 180225;;;Carte bancaire;Alimentation;Hyper/supermarche;-5,2;;18/02/2025;20/02/2025;0
20/02/2025;AREA;CB A.R.E.A. FACT 180225;;;Carte bancaire;Transports;Peage et Stationnement;-9,2;;18/02/2025;20/02/2025;0
20/02/2025;AREA;CB A.R.E.A. FACT 180225;;;Carte bancaire;Transports;Peage et Stationnement;-9,2;;18/02/2025;20/02/2025;0
20/02/2025;LPA;CB LPA FACT 180225;;;Carte bancaire;Transports;Peage et Stationnement;-11,8;;18/02/2025;20/02/2025;0
20/02/2025;SIGESS LE CLUB;CB SIGESS LE CLUB FACT 180225;;;Carte bancaire;Alimentation;Restaurant;-6,9;;18/02/2025;20/02/2025;0
20/02/2025;INTERMARCHE;CB INTERMARCHE APP FACT 180225;;;Carte bancaire;Alimentation;Hyper/supermarche;-2,74;;18/02/2025;20/02/2025;0
20/02/2025;GARAGE HENRI CHABOUD;CB GARAGE CHABOUD FACT 170225;;;Carte bancaire;Transports;Entretien de vehicule;-50,32;;17/02/2025;20/02/2025;0
19/02/2025;VIREMENT VERS CPT DEPOT PART.;VIREMENT VERS CPT DEPOT PART.;2505085IN0085529;;Virement recu;Transaction exclue;Virement interne;;500;19/02/2025;19/02/2025;0
19/02/2025;AREA;CB A.R.E.A. FACT 170225;;;Carte bancaire;Transports;Peage et Stationnement;-2,4;;17/02/2025;19/02/2025;0
19/02/2025;AREA NFC;CB AREA NFC FACT 170225;;;Carte bancaire;Transports;Peage et Stationnement;-2,4;;17/02/2025;19/02/2025;0
19/02/2025;DALLMAYR DISTRIBUTION AUTOMATIQUE FRANCE;CB DALLMAYR DIST FACT 170225;;;Carte bancaire;Shopping et services;Shopping et services - autre;-5;;17/02/2025;19/02/2025;0
18/02/2025;DGFIP;PRLV DIRECTION GENERALE DES FINA;2504385G10441536;2504385G10441536-;Prelevement;Impots et taxes;Impots et taxes - autre;-90;;18/02/2025;18/02/2025;0
18/02/2025;BOULANGERIE DU;CB BOULANGERIE DU FACT 160225;;;Carte bancaire;Alimentation;Alimentation - autre;-14,3;;16/02/2025;18/02/2025;0
18/02/2025;LE PROVENCAL;CB LE PROVENCAL FACT 160225;;;Carte bancaire;Alimentation;Hyper/supermarche;-7,77;;16/02/2025;18/02/2025;0
18/02/2025;IMAGE LIBRE STUDIO;CB IMAGE LIBRE STU FACT 160225;;;Carte bancaire;Shopping et services;High-Tech/Electromenager;-8;;16/02/2025;18/02/2025;0
18/02/2025;LA FERME DE LOU;CB LA FERME DE LOU FACT 160225;;;Carte bancaire;Alimentation;Alimentation - autre;-11,5;;16/02/2025;18/02/2025;0
18/02/2025;BOULANGERIE DU;CB BOULANGERIE DU FACT 150225;;;Carte bancaire;Alimentation;Alimentation - autre;-2,2;;15/02/2025;18/02/2025;0
17/02/2025;AVANSSUR;PRLV AVANSSUR;2504585G10463425;2504585G10463425-;Prelevement;Banque et assurances;Banque et assurance - autre;-43,45;;17/02/2025;17/02/2025;0
17/02/2025;AREA NFC;CB AREA NFC FACT 140225;;;Carte bancaire;Transports;Peage et Stationnement;-2,4;;14/02/2025;17/02/2025;0
17/02/2025;BOULANGERIE DU;CB BOULANGERIE DU FACT 140225;;;Carte bancaire;Alimentation;Alimentation - autre;-8,95;;14/02/2025;17/02/2025;0
15/02/2025;AREA NFC;CB AREA NFC FACT 130225;;;Carte bancaire;Transports;Peage et Stationnement;-2,4;;13/02/2025;17/02/2025;0
15/02/2025;AREA NFC;CB AREA NFC FACT 130225;;;Carte bancaire;Transports;Peage et Stationnement;-2,4;;13/02/2025;17/02/2025;0
15/02/2025;PROVENC'HALLES;CB PROVENC'HALLES FACT 130225;;;Carte bancaire;Alimentation;Hyper/supermarche;-35,4;;13/02/2025;17/02/2025;0
15/02/2025;SARL LE BOUQUET PAYSAN;CB LE BOUQUET PAYS FACT 130225;;;Carte bancaire;Alimentation;Hyper/supermarche;-36,25;;13/02/2025;17/02/2025;0
15/02/2025;INTERMARCHE;CB INTERMARCHE APP FACT 130225;;;Carte bancaire;Alimentation;Hyper/supermarche;-79,38;;13/02/2025;17/02/2025;0
15/02/2025;BOUCHERIE DU LA;CB BOUCHERIE DU LA FACT 120225;;;Carte bancaire;Alimentation;Alimentation - autre;-5,73;;12/02/2025;17/02/2025;0
14/02/2025;REMISE COTISATIONS; REMISE OFFRE CONFORT;;;Frais bancaires;Banque et assurances;Frais bancaires;;20,91;14/02/2025;14/02/2025;0
14/02/2025;COTISATIONS BANCAIRES; FORMULE FAMILLE CONFORT;;;Frais bancaires;Banque et assurances;Frais bancaires;-19,7;;14/02/2025;14/02/2025;0
14/02/2025;COTISATIONS BANCAIRES; OFFRE CONFORT;;;Frais bancaires;Banque et assurances;Frais bancaires;-20,91;;14/02/2025;14/02/2025;0
13/02/2025;ISERE BUREAU;CB B.V.V FACT 110225;;;Carte bancaire;Loisirs et vacances;Livres, Magazines;-6,48;;11/02/2025;13/02/2025;0
13/02/2025;PKSURFVOIRON-PB;CB PKSURFVOIRON-PB FACT 110225;;;Carte bancaire;Juridique et administratif;Juridique et administratif - autre;-1,2;;11/02/2025;13/02/2025;0
13/02/2025;BOULANG PIERRE;CB BOULANG PIERRE FACT 110225;;;Carte bancaire;Alimentation;Alimentation - autre;-2,9;;11/02/2025;13/02/2025;0
12/02/2025;CHEQUE N0282;CHEQUE N�0000282;;;Cheque;A categoriser - sortie d'argent;Cheque - a categoriser;-456;;12/02/2025;12/02/2025;0
12/02/2025;AREA;CB A.R.E.A. FACT 100225;;;Carte bancaire;Transports;Peage et Stationnement;-2,4;;10/02/2025;12/02/2025;0
12/02/2025;AREA;CB A.R.E.A. FACT 100225;;;Carte bancaire;Transports;Peage et Stationnement;-2,4;;10/02/2025;12/02/2025;0
12/02/2025;EPICES ET NOUS;CB EPICES ET NOUS FACT 100225;;;Carte bancaire;Shopping et services;Shopping et services - autre;-5,58;;10/02/2025;12/02/2025;0
11/02/2025;CAMP SCOUT;CAMP SCOUT;2504285IN0074688;CAMP SCOUT-;Virement recu;A categoriser - rentree d'argent;Virement recu - a categoriser;;20;11/02/2025;11/02/2025;0
11/02/2025;CHEQUE N0278;CHEQUE N�0000278;;;Cheque;A categoriser - sortie d'argent;Cheque - a categoriser;-30;;11/02/2025;11/02/2025;0
11/02/2025;SUMUP FOOD SY;CB SUMUP FOOD SY FACT 090225;;;Carte bancaire;Shopping et services;Shopping et services - autre;-19;;09/02/2025;11/02/2025;0
11/02/2025;BOULANGERIE DU;CB BOULANGERIE DU FACT 090225;;;Carte bancaire;Alimentation;Alimentation - autre;-6,75;;09/02/2025;11/02/2025;0
11/02/2025;GAEC ENTRE FURE ET TOUR;CB GAECFUREETTOUR FACT 090225;;;Carte bancaire;Alimentation;Alimentation - autre;-4,57;;09/02/2025;11/02/2025;0
11/02/2025;AREA;CB A.R.E.A. FACT 090225;;;Carte bancaire;Transports;Peage et Stationnement;-2,4;;09/02/2025;11/02/2025;0
11/02/2025;BOUCHERIE DU LA;CB BOUCHERIE DU LA FACT 080225;;;Carte bancaire;Alimentation;Alimentation - autre;-3,48;;08/02/2025;11/02/2025;0
11/02/2025;BOULANGERIE DU;CB BOULANGERIE DU FACT 080225;;;Carte bancaire;Alimentation;Alimentation - autre;-4,25;;08/02/2025;11/02/2025;0
10/02/2025;COMMUNAUTE AGGLOMERATION PAYS VOIRONNAIS;PRLV SGC VOIRON;;2503785G10940747-;Prelevement;Juridique et administratif;Juridique et administratif - autre;-35;;10/02/2025;10/02/2025;0
10/02/2025;EPICES ET NOUS;CB EPICES ET NOUS FACT 080225;;;Carte bancaire;Shopping et services;Shopping et services - autre;-4,47;;08/02/2025;10/02/2025;0
10/02/2025;CARREFOUR MARKET;CB ETE D EXPL FACT 080225;;;Carte bancaire;Alimentation;Hyper/supermarche;-177,13;;08/02/2025;10/02/2025;0
10/02/2025;CAP ANIMAL;CB CAP ANIMAL FACT 080225;;;Carte bancaire;Shopping et services;Shopping et services - autre;-30,7;;08/02/2025;10/02/2025;0
10/02/2025;BOULANGERIE DU;CB BOULANGERIE DU FACT 070225;;;Carte bancaire;Alimentation;Alimentation - autre;-3,85;;07/02/2025;10/02/2025;0
10/02/2025;BOUCHERIE DU LA;CB BOUCHERIE DU LA FACT 060225;;;Carte bancaire;Alimentation;Alimentation - autre;-5;;06/02/2025;10/02/2025;0
10/02/2025;KIABI;CB KIABI FACT 060225;;;Carte bancaire;Shopping et services;Vetements et chaussures;-22;;06/02/2025;10/02/2025;0
08/02/2025;RETRAIT D'ESPECES;RETRAIT DAB 0230620 080225 12H30;;;Retrait d'especes;A categoriser - sortie d'argent;Retrait d'especes - a categoriser;-30;;08/02/2025;08/02/2025;0
08/02/2025;AREA NFC;CB AREA NFC FACT 060225;;;Carte bancaire;Transports;Peage et Stationnement;-3,8;;06/02/2025;10/02/2025;0
08/02/2025;AREA NFC;CB AREA NFC FACT 060225;;;Carte bancaire;Transports;Peage et Stationnement;-2,4;;06/02/2025;10/02/2025;0
08/02/2025;DR SARFATI;CB DR SARFATI FACT 060225;;;Carte bancaire;Sante;Consultation medicale;-30;;06/02/2025;10/02/2025;0
08/02/2025;L' EAU VIVE;CB SNC L EAU VIVE FACT 060225;;;Carte bancaire;Alimentation;Hyper/supermarche;-4,6;;06/02/2025;10/02/2025;0
08/02/2025;PKSURFVOIRON-PB;CB PKSURFVOIRON-PB FACT 060225;;;Carte bancaire;Juridique et administratif;Juridique et administratif - autre;-0,7;;06/02/2025;10/02/2025;0
08/02/2025;LA HALTE FERMIE;CB LA HALTE FERMIE FACT 060225;;;Carte bancaire;Alimentation;Petit commercant;-51,4;;06/02/2025;10/02/2025;0
07/02/2025;RETRAIT D'ESPECES;RETRAIT DAB 0230620 070225 18H34;;;Retrait d'especes;A categoriser - sortie d'argent;Retrait d'especes - a categoriser;-50;;07/02/2025;07/02/2025;0
07/02/2025;LE PETIT CASINO;CB LE PETIT CASINO FACT 050225;;;Carte bancaire;Alimentation;Hyper/supermarche;-3,95;;05/02/2025;07/02/2025;0
07/02/2025;L AMI DE PIN;CB L AMI DE PIN FACT 050225;;;Carte bancaire;Alimentation;Alimentation - autre;-12,8;;05/02/2025;07/02/2025;0
06/02/2025;EDITIONS DUPUIS;PRLV EDITIONS DUPUIS;2503685G10323325;2503685G10323325-;Prelevement;Loisirs et vacances;Livres, Magazines;-9,9;;06/02/2025;06/02/2025;0
06/02/2025;CHEQUE N0288;CHEQUE N�0000288;;;Cheque;A categoriser - sortie d'argent;Cheque - a categoriser;-50;;06/02/2025;06/02/2025;0
06/02/2025;AREA NFC;CB AREA NFC FACT 040225;;;Carte bancaire;Transports;Peage et Stationnement;-3,8;;04/02/2025;06/02/2025;0
06/02/2025;AREA NFC;CB AREA NFC FACT 040225;;;Carte bancaire;Transports;Peage et Stationnement;-2,4;;04/02/2025;06/02/2025;0
05/02/2025;TELERAMA;PRLV TELERAMA;2503485G10746060;2503485G10746060-;Prelevement;Loisirs et vacances;Livres, Magazines;-11,85;;05/02/2025;05/02/2025;0
05/02/2025;AXA;PRLV AXA;2502985G10352374;2502985G10352374-;Prelevement;Banque et assurances;Banque et assurance - autre;-45,85;;05/02/2025;05/02/2025;0
05/02/2025;AXA;PRLV AXA;2502985G10349000;2502985G10349000-;Prelevement;Banque et assurances;Banque et assurance - autre;-8,2;;05/02/2025;05/02/2025;0
05/02/2025;AXA;PRLV AXA;2502985G10347271;2502985G10347271-;Prelevement;Banque et assurances;Banque et assurance - autre;-34,71;;05/02/2025;05/02/2025;0
05/02/2025;ECHEANCE DE CREDIT;ECH PRET 154925G DU 05/02/25;;;Pret;Banque et assurances;Credit;-581,48;;05/02/2025;05/02/2025;0
05/02/2025;ECHEANCE DE CREDIT;ECH PRET 154924G DU 05/02/25;;;Pret;Banque et assurances;Credit;-195,07;;05/02/2025;05/02/2025;0
05/02/2025;AREA;CB A.R.E.A. FACT 030225;;;Carte bancaire;Transports;Peage et Stationnement;-2,4;;03/02/2025;05/02/2025;0
05/02/2025;AREA;CB A.R.E.A. FACT 030225;;;Carte bancaire;Transports;Peage et Stationnement;-3,8;;03/02/2025;05/02/2025;0
05/02/2025;BOULANGERIE DU;CB BOULANGERIE DU FACT 030225;;;Carte bancaire;Alimentation;Alimentation - autre;-3,75;;03/02/2025;05/02/2025;0
04/02/2025;VIREMENT VERS LIVRET A;VIREMENT VERS LIVRET A;2503585IN0214872;;Virement;Transaction exclue;Virement interne;-350;;04/02/2025;04/02/2025;0
04/02/2025;LE PROVENCAL;CB LE PROVENCAL FACT 020225;;;Carte bancaire;Alimentation;Hyper/supermarche;-21,07;;02/02/2025;04/02/2025;0
04/02/2025;AU BON FROMAGE;CB ALIM SAS JOUR FACT 020225;;;Carte bancaire;Alimentation;Petit commercant;-2,5;;02/02/2025;04/02/2025;0
04/02/2025;BOULANGERIE DU;CB BOULANGERIE DU FACT 020225;;;Carte bancaire;Alimentation;Alimentation - autre;-9,57;;02/02/2025;04/02/2025;0
03/02/2025;SALAIRE;SALAIRE;2503485IN0234073;;Virement recu;Transaction exclue;Virement interne;;2500;03/02/2025;03/02/2025;0
03/02/2025;INTERMARCHE;CB INTERMARCHE APP FACT 010225;;;Carte bancaire;Alimentation;Hyper/supermarche;-3,65;;01/02/2025;03/02/2025;0
03/02/2025;PROVENC'HALLES;CB PROVENC'HALLES FACT 010225;;;Carte bancaire;Alimentation;Hyper/supermarche;-17,45;;01/02/2025;03/02/2025;0
03/02/2025;SARL LE BOUQUET PAYSAN;CB LE BOUQUET PAYS FACT 010225;;;Carte bancaire;Alimentation;Hyper/supermarche;-52,5;;01/02/2025;03/02/2025;0
03/02/2025;AREA;CB A.R.E.A. FACT 310125;;;Carte bancaire;Transports;Peage et Stationnement;-2,3;;31/01/2025;03/02/2025;0
03/02/2025;AREA;CB A.R.E.A. FACT 310125;;;Carte bancaire;Transports;Peage et Stationnement;-3,8;;31/01/2025;03/02/2025;0
03/02/2025;SUPER U;CB SUPER U FACT 310125;;;Carte bancaire;Alimentation;Hyper/supermarche;-102,73;;31/01/2025;03/02/2025;0
01/02/2025;AREA NFC;CB AREA NFC FACT 300125;;;Carte bancaire;Transports;Peage et Stationnement;-2,3;;30/01/2025;03/02/2025;0
01/02/2025;BOUCHERIE DU LA;CB BOUCHERIE DU LA FACT 290125;;;Carte bancaire;Alimentation;Alimentation - autre;-6,57;;29/01/2025;03/02/2025;0
30/01/2025;ORANGE;PRLV Orange SA;2502485G10464424;2502485G10464424-;Prelevement;Logement - maison;Internet et telephonie;-28,28;;30/01/2025;30/01/2025;0
30/01/2025;AREA;CB A.R.E.A. FACT 280125;;;Carte bancaire;Transports;Peage et Stationnement;-0,9;;28/01/2025;30/01/2025;0
30/01/2025;AREA;CB A.R.E.A. FACT 280125;;;Carte bancaire;Transports;Peage et Stationnement;-5,2;;28/01/2025;30/01/2025;0
30/01/2025;AREA;CB A.R.E.A. FACT 280125;;;Carte bancaire;Transports;Peage et Stationnement;-6,1;;28/01/2025;30/01/2025;0
30/01/2025;ISERE BUREAU;CB B.V.V FACT 280125;;;Carte bancaire;Loisirs et vacances;Livres, Magazines;-9,59;;28/01/2025;30/01/2025;0
30/01/2025;LORIN CELINE;CB LORIN CELINE FACT 280125;;;Carte bancaire;Sante;Consultation medicale;-34;;28/01/2025;30/01/2025;0
30/01/2025;LA HALTE FERMIE;CB LA HALTE FERMIE FACT 280125;;;Carte bancaire;Alimentation;Petit commercant;-73,34;;28/01/2025;30/01/2025;0
30/01/2025;SARL LA COMMUNAUTE DES JEUX;CB LA COMMUNAUTE D FACT 280125;;;Carte bancaire;Loisirs et vacances;Loisirs et vacances - autre;-9,3;;28/01/2025;30/01/2025;0
29/01/2025;AREA;CB A.R.E.A. FACT 270125;;;Carte bancaire;Transports;Peage et Stationnement;-3,8;;27/01/2025;29/01/2025;0
29/01/2025;AREA;CB A.R.E.A. FACT 270125;;;Carte bancaire;Transports;Peage et Stationnement;-2,3;;27/01/2025;29/01/2025;0
29/01/2025;AREA;CB A.R.E.A. FACT 270125;;;Carte bancaire;Transports;Peage et Stationnement;-2,3;;27/01/2025;29/01/2025;0
29/01/2025;AREA;CB A.R.E.A. FACT 270125;;;Carte bancaire;Transports;Peage et Stationnement;-2,3;;27/01/2025;29/01/2025;0
29/01/2025;L' EAU VIVE;CB SNC L EAU VIVE FACT 270125;;;Carte bancaire;Alimentation;Hyper/supermarche;-10,75;;27/01/2025;29/01/2025;0
29/01/2025;STATIONNEMENT;CB STATIONNEMENT FACT 270125;;;Carte bancaire;Juridique et administratif;Juridique et administratif - autre;-2,15;;27/01/2025;29/01/2025;0
29/01/2025;FREE MOBILE;CB FREE MOBILE FACT 250125;;;Carte bancaire;Logement - maison;Internet et telephonie;-12;;25/01/2025;29/01/2025;0
28/01/2025;CHEQUE N0287;CHEQUE N�0000287;;;Cheque;A categoriser - sortie d'argent;Cheque - a categoriser;-50;;28/01/2025;28/01/2025;0
28/01/2025;LE PROVENCAL;CB LE PROVENCAL FACT 260125;;;Carte bancaire;Alimentation;Hyper/supermarche;-29,43;;26/01/2025;28/01/2025;0
28/01/2025;BOULANGERIE DU;CB BOULANGERIE DU FACT 260125;;;Carte bancaire;Alimentation;Alimentation - autre;-4,9;;26/01/2025;28/01/2025;0
28/01/2025;LA FERME DE LOU;CB LA FERME DE LOU FACT 260125;;;Carte bancaire;Alimentation;Alimentation - autre;-9,11;;26/01/2025;28/01/2025;0
28/01/2025;BOULANGERIE DU;CB BOULANGERIE DU FACT 250125;;;Carte bancaire;Alimentation;Alimentation - autre;-3,7;;25/01/2025;28/01/2025;0
28/01/2025;BOUCHERIE DU LA;CB BOUCHERIE DU LA FACT 250125;;;Carte bancaire;Alimentation;Alimentation - autre;-8,98;;25/01/2025;28/01/2025;0
27/01/2025;AREA;CB A.R.E.A. FACT 240125;;;Carte bancaire;Transports;Peage et Stationnement;-2,3;;24/01/2025;27/01/2025;0
27/01/2025;SEMITAG;CB SEMITAG FACT 240125;;;Carte bancaire;Transports;Transports en commun;-4;;24/01/2025;27/01/2025;0
27/01/2025;AREA;CB A.R.E.A. FACT 240125;;;Carte bancaire;Transports;Peage et Stationnement;-9,1;;24/01/2025;27/01/2025;0
27/01/2025;AREA;CB A.R.E.A. FACT 240125;;;Carte bancaire;Transports;Peage et Stationnement;-9,1;;24/01/2025;27/01/2025;0
27/01/2025;LPA;CB LPA FACT 240125;;;Carte bancaire;Transports;Peage et Stationnement;-2,6;;24/01/2025;27/01/2025;0
27/01/2025;FRATELLI;CB FRATELLI FACT 240125;;;Carte bancaire;Alimentation;Restaurant;-1,6;;24/01/2025;27/01/2025;0
27/01/2025;SEMITAG;CB SEMITAG FACT 230125;;;Carte bancaire;Transports;Transports en commun;-4;;23/01/2025;27/01/2025;0
25/01/2025;AREA NFC;CB AREA NFC FACT 230125;;;Carte bancaire;Transports;Peage et Stationnement;-2,3;;23/01/2025;27/01/2025;0
25/01/2025;SEMITAG;CB SEMITAG FACT 220125;;;Carte bancaire;Transports;Transports en commun;-6,4;;22/01/2025;27/01/2025;0
24/01/2025;AREA NFC;CB AREA NFC FACT 220125;;;Carte bancaire;Transports;Peage et Stationnement;-2,3;;22/01/2025;24/01/2025;0
24/01/2025;AREA NFC;CB AREA NFC FACT 220125;;;Carte bancaire;Transports;Peage et Stationnement;-2,3;;22/01/2025;24/01/2025;0
24/01/2025;MAGASIN U;CB MAGASIN U FACT 220125;;;Carte bancaire;Alimentation;Hyper/supermarche;-116,88;;22/01/2025;24/01/2025;0
24/01/2025;MAGASIN U;CB MAGASIN U FACT 220125;;;Carte bancaire;Alimentation;Hyper/supermarche;-9,21;;22/01/2025;24/01/2025;0
24/01/2025;PRODUCTEURS DE SAVEURS;CB PRODUCTEURS SAV FACT 220125;;;Carte bancaire;Alimentation;Hyper/supermarche;-41,35;;22/01/2025;24/01/2025;0
24/01/2025;LE PETIT CASINO;CB LE PETIT CASINO FACT 210125;;;Carte bancaire;Alimentation;Hyper/supermarche;-6,37;;21/01/2025;24/01/2025;0
24/01/2025;AUTOGRILL FFH A;CB AUTOGRILL FFH A FACT 210125;;;Carte bancaire;Alimentation;Restauration rapide;-15,45;;21/01/2025;24/01/2025;0
23/01/2025;PAIEMENT AE BASTIEN;PAIEMENT AE BASTIEN;2502385IN0140801;;Virement recu;Transaction exclue;Virement interne;;1425;23/01/2025;23/01/2025;0
23/01/2025;AREA NFC;CB AREA NFC FACT 210125;;;Carte bancaire;Transports;Peage et Stationnement;-9,1;;21/01/2025;23/01/2025;0
23/01/2025;AREA NFC;CB AREA NFC FACT 210125;;;Carte bancaire;Transports;Peage et Stationnement;-9,1;;21/01/2025;23/01/2025;0
23/01/2025;AREA NFC;CB AREA NFC FACT 200125;;;Carte bancaire;Transports;Peage et Stationnement;-3,8;;20/01/2025;23/01/2025;0
23/01/2025;AREA NFC;CB AREA NFC FACT 200125;;;Carte bancaire;Transports;Peage et Stationnement;-2,3;;20/01/2025;23/01/2025;0
23/01/2025;INTERMARCHE;CB INTERMARCHE APP FACT 200125;;;Carte bancaire;Transports;Carburant;-87,24;;20/01/2025;23/01/2025;0
22/01/2025;BOULANGERIE DU;CB BOULANGERIE DU FACT 200125;;;Carte bancaire;Alimentation;Alimentation - autre;-2,65;;20/01/2025;22/01/2025;0
22/01/2025;PARAPHARMACIE;CB PARAPHARMACIE FACT 200125;;;Carte bancaire;Shopping et services;Coiffeurs et soins du corps;-4,99;;20/01/2025;22/01/2025;0
22/01/2025;CAP ANIMAL;CB CAP ANIMAL FACT 200125;;;Carte bancaire;Shopping et services;Shopping et services - autre;-27,9;;20/01/2025;22/01/2025;0
22/01/2025;INTERMARCHE;CB INTERMARCHE APP FACT 200125;;;Carte bancaire;Alimentation;Hyper/supermarche;-3,17;;20/01/2025;22/01/2025;0
21/01/2025;LE PROVENCAL;CB LE PROVENCAL FACT 190125;;;Carte bancaire;Alimentation;Hyper/supermarche;-16,14;;19/01/2025;21/01/2025;0
21/01/2025;BOULANGERIE DU;CB BOULANGERIE DU FACT 190125;;;Carte bancaire;Alimentation;Alimentation - autre;-3,15;;19/01/2025;21/01/2025;0
21/01/2025;BOULANGERIE DU;CB BOULANGERIE DU FACT 190125;;;Carte bancaire;Alimentation;Alimentation - autre;-5,25;;19/01/2025;21/01/2025;0
21/01/2025;GAEC ENTRE FURE ET TOUR;CB GAECFUREETTOUR FACT 190125;;;Carte bancaire;Alimentation;Alimentation - autre;-13,37;;19/01/2025;21/01/2025;0
21/01/2025;CLUBVET;CB CLUBVET FACT 190125;;;Carte bancaire;Shopping et services;Animaux domestiques;-74,96;;19/01/2025;21/01/2025;0
21/01/2025;BOUCHERIE DU LA;CB BOUCHERIE DU LA FACT 180125;;;Carte bancaire;Alimentation;Alimentation - autre;-9,9;;18/01/2025;21/01/2025;0
20/01/2025;EDF;PRLV EDF clients particuliers;2501685G10410149;2501685G10410149-;Prelevement;Logement - maison;Energie eau, gaz, electricite, fioul ;-173,98;;20/01/2025;20/01/2025;0
20/01/2025;BRICOMARCHE;CB AURAM FACT 180125;;;Carte bancaire;Logement - maison;Travaux - Entretien;-16,15;;18/01/2025;20/01/2025;0
20/01/2025;LE PETIT CASINO;CB LE PETIT CASINO FACT 180125;;;Carte bancaire;Alimentation;Hyper/supermarche;-7,55;;18/01/2025;20/01/2025;0
20/01/2025;HELLOASSO BILL;CB HELLOASSO BILL FACT 180125;;;Carte bancaire;Shopping et services;High-Tech/Electromenager;-7;;18/01/2025;20/01/2025;0
20/01/2025;AREA;CB A.R.E.A. FACT 170125;;;Carte bancaire;Transports;Peage et Stationnement;-2,3;;17/01/2025;20/01/2025;0
20/01/2025;AREA;CB A.R.E.A. FACT 170125;;;Carte bancaire;Transports;Peage et Stationnement;-2,3;;17/01/2025;20/01/2025;0
20/01/2025;CABINET VETERIN;CB CABINET VETERIN FACT 170125;;;Carte bancaire;Shopping et services;Animaux domestiques;-60,3;;17/01/2025;20/01/2025;0
20/01/2025;BOUCHERIE DU LA;CB BOUCHERIE DU LA FACT 170125;;;Carte bancaire;Alimentation;Alimentation - autre;-4,5;;17/01/2025;20/01/2025;0
18/01/2025;AREA NFC;CB AREA NFC FACT 160125;;;Carte bancaire;Transports;Peage et Stationnement;-2,3;;16/01/2025;20/01/2025;0
18/01/2025;AREA NFC;CB AREA NFC FACT 160125;;;Carte bancaire;Transports;Peage et Stationnement;-2,3;;16/01/2025;20/01/2025;0
18/01/2025;L' EAU VIVE;CB SNC L EAU VIVE FACT 160125;;;Carte bancaire;Alimentation;Hyper/supermarche;-6,71;;16/01/2025;20/01/2025;0
18/01/2025;TECHNIPATH;CB TECHNIPATH FACT 160125;;;Carte bancaire;Sante;Consultation medicale;-52,53;;16/01/2025;20/01/2025;0
18/01/2025;BOULANGERIE DU;CB BOULANGERIE DU FACT 150125;;;Carte bancaire;Alimentation;Alimentation - autre;-3,8;;15/01/2025;20/01/2025;0
17/01/2025;ISERE BUREAU;CB B.V.V FACT 150125;;;Carte bancaire;Loisirs et vacances;Livres, Magazines;-209;;15/01/2025;17/01/2025;0
17/01/2025;SA GOZZI;CB SA GOZZI FACT 150125;;;Carte bancaire;Loisirs et vacances;Sport, Gym et Equipement;-6,48;;15/01/2025;17/01/2025;0
17/01/2025;CARREFOUR MARKET;CB ETE D EXPL FACT 150125;;;Carte bancaire;Alimentation;Hyper/supermarche;-82,78;;15/01/2025;17/01/2025;0
17/01/2025;BOUCHERIE DU LA;CB BOUCHERIE DU LA FACT 140125;;;Carte bancaire;Alimentation;Alimentation - autre;-4,35;;14/01/2025;17/01/2025;0
16/01/2025;CLINIQUE DE CHARTREUSE;CLINIQUE DE CHARTREUSE;;REF 2411197-VIREMENT DE MLE ESSERMEANT C OU M;Virement;A categoriser - sortie d'argent;Virement emis - a categoriser;-24,88;;16/01/2025;16/01/2025;0
16/01/2025;COTISATIONS BANCAIRES; FORMULE FAMILLE CONFORT;;;Frais bancaires;Banque et assurances;Frais bancaires;-19,7;;16/01/2025;16/01/2025;0
16/01/2025;COTISATIONS BANCAIRES; OFFRE CONFORT;;;Frais bancaires;Banque et assurances;Frais bancaires;-20,91;;16/01/2025;16/01/2025;0
16/01/2025;REMISE COTISATIONS; REMISE OFFRE CONFORT;;;Frais bancaires;Banque et assurances;Frais bancaires;;20,91;16/01/2025;16/01/2025;0
16/01/2025;DGFIP;PRLV DIRECTION GENERALE DES FINA;2500685G10782993;2500685G10782993-;Prelevement;Impots et taxes;Impots et taxes - autre;-90;;16/01/2025;16/01/2025;0
16/01/2025;BASILIC CO;CB BASILIC CO FACT 140125;;;Carte bancaire;Alimentation;Restauration rapide;-28,8;;14/01/2025;16/01/2025;0
16/01/2025;ORLAND BIJOUX;CB ORLAND BIJOUX FACT 140125;;;Carte bancaire;Shopping et services;Shopping et services - autre;-10;;14/01/2025;16/01/2025;0
16/01/2025;L' EAU VIVE;CB SNC L EAU VIVE FACT 140125;;;Carte bancaire;Alimentation;Hyper/supermarche;-13,36;;14/01/2025;16/01/2025;0
16/01/2025;ISERE BUREAU;CB B.V.V FACT 140125;;;Carte bancaire;Loisirs et vacances;Livres, Magazines;-3,98;;14/01/2025;16/01/2025;0
16/01/2025;LA HALTE FERMIE;CB LA HALTE FERMIE FACT 140125;;;Carte bancaire;Alimentation;Petit commercant;-21,93;;14/01/2025;16/01/2025;0
16/01/2025;CHOYO SAS;CB CHOYO SAS FACT 140125;;;Carte bancaire;Shopping et services;Vetements et chaussures;-22,78;;14/01/2025;16/01/2025;0
16/01/2025;BOULANGERIE DU;CB BOULANGERIE DU FACT 130125;;;Carte bancaire;Alimentation;Alimentation - autre;-4,1;;13/01/2025;16/01/2025;0
15/01/2025;RETRAIT D'ESPECES;RETRAIT DAB 0234500 150125 16H01;;;Retrait d'especes;A categoriser - sortie d'argent;Retrait d'especes - a categoriser;-50;;15/01/2025;15/01/2025;0
15/01/2025;AVANSSUR;PRLV AVANSSUR;2501485G10550531;2501485G10550531-;Prelevement;Banque et assurances;Banque et assurance - autre;-43,45;;15/01/2025;15/01/2025;0
15/01/2025;Mangopay;VIR SEPA Mangopay;2501585K10005652;Vinted-aa121253f591465d847769f3b0a31c7d;Virement recu;A categoriser - rentree d'argent;Virement recu - a categoriser;;78,18;15/01/2025;15/01/2025;0
15/01/2025;CHEQUE N0283;CHEQUE N�0000283;;;Cheque;A categoriser - sortie d'argent;Cheque - a categoriser;-50;;15/01/2025;15/01/2025;0
15/01/2025;CHEQUE N0286;CHEQUE N�0000286;;;Cheque;A categoriser - sortie d'argent;Cheque - a categoriser;-688;;15/01/2025;15/01/2025;0
15/01/2025;AREA NFC;CB AREA NFC FACT 130125;;;Carte bancaire;Transports;Peage et Stationnement;-3,8;;13/01/2025;15/01/2025;0
15/01/2025;AREA NFC;CB AREA NFC FACT 130125;;;Carte bancaire;Transports;Peage et Stationnement;-2,3;;13/01/2025;15/01/2025;0
15/01/2025;CHARAVINES TIPI;CB CHARAVINES TIPI FACT 130125;;;Carte bancaire;Juridique et administratif;Juridique et administratif - autre;-32,75;;13/01/2025;15/01/2025;0
15/01/2025;LE PETIT CASINO;CB LE PETIT CASINO FACT 130125;;;Carte bancaire;Alimentation;Hyper/supermarche;-3,08;;13/01/2025;15/01/2025;0
14/01/2025;DEPOT DE 2 CHEQUE S ;REMISE CHEQUES N� 0048802;48802;REMIS LE 14/01/2025  VOIRON BRUN-;Depot de cheque;A categoriser - rentree d'argent;Remise de cheque - a categoriser;;278,01;14/01/2025;15/01/2025;0
14/01/2025;LE PROVENCAL;CB LE PROVENCAL FACT 120125;;;Carte bancaire;Alimentation;Hyper/supermarche;-11,03;;12/01/2025;14/01/2025;0
14/01/2025;BOULANGERIE DU;CB BOULANGERIE DU FACT 120125;;;Carte bancaire;Alimentation;Alimentation - autre;-4,9;;12/01/2025;14/01/2025;0
14/01/2025;GAEC ENTRE FURE ET TOUR;CB GAECFUREETTOUR FACT 120125;;;Carte bancaire;Alimentation;Alimentation - autre;-3,5;;12/01/2025;14/01/2025;0
14/01/2025;LA FERME DE LOU;CB LA FERME DE LOU FACT 120125;;;Carte bancaire;Alimentation;Alimentation - autre;-11,74;;12/01/2025;14/01/2025;0
14/01/2025;FINE VIANDE;CB FINE VIANDE FACT 120125;;;Carte bancaire;Alimentation;Alimentation - autre;-12,32;;12/01/2025;14/01/2025;0
14/01/2025;PACCAUD PIERRE;CB PACCAUD PIERRE FACT 120125;;;Carte bancaire;Logement - maison;Ameublement et appareil;-25;;12/01/2025;14/01/2025;0
14/01/2025;BOULANGERIE DU;CB BOULANGERIE DU FACT 110125;;;Carte bancaire;Alimentation;Alimentation - autre;-3,9;;11/01/2025;14/01/2025;0
13/01/2025;VIREMENT VERS CPT DEPOT PART.;VIREMENT VERS CPT DEPOT PART.;2501285IN0095122;;Virement recu;Transaction exclue;Virement interne;;500;12/01/2025;12/01/2025;0
13/01/2025;LE PETIT CASINO;CB LE PETIT CASINO FACT 110125;;;Carte bancaire;Alimentation;Hyper/supermarche;-1,63;;11/01/2025;13/01/2025;0
13/01/2025;AREA;CB A.R.E.A. FACT 100125;;;Carte bancaire;Transports;Peage et Stationnement;-2,3;;10/01/2025;13/01/2025;0
13/01/2025;AREA;CB A.R.E.A. FACT 100125;;;Carte bancaire;Transports;Peage et Stationnement;-2,3;;10/01/2025;13/01/2025;0
13/01/2025;BOUCHERIE DU LA;CB BOUCHERIE DU LA FACT 100125;;;Carte bancaire;Alimentation;Alimentation - autre;-6,18;;10/01/2025;13/01/2025;0
13/01/2025;LE PETIT CASINO;CB LE PETIT CASINO FACT 100125;;;Carte bancaire;Alimentation;Hyper/supermarche;-3,74;;10/01/2025;13/01/2025;0
11/01/2025;AREA NFC;CB AREA NFC FACT 090125;;;Carte bancaire;Transports;Peage et Stationnement;-2,3;;09/01/2025;13/01/2025;0
11/01/2025;AREA NFC;CB AREA NFC FACT 090125;;;Carte bancaire;Transports;Peage et Stationnement;-2,3;;09/01/2025;13/01/2025;0
11/01/2025;VIETNGO;CB VIETNGO FACT 090125;;;Carte bancaire;Shopping et services;Shopping et services - autre;-20;;09/01/2025;13/01/2025;0
11/01/2025;BOULANGERIE DU;CB BOULANGERIE DU FACT 080125;;;Carte bancaire;Alimentation;Alimentation - autre;-3,85;;08/01/2025;13/01/2025;0
11/01/2025;LADAUPHINE;CB LADAUPHINE FACT 080125;;;Carte bancaire;Alimentation;Alimentation - autre;-3,65;;08/01/2025;13/01/2025;0
10/01/2025;COMMUNAUTE AGGLOMERATION PAYS VOIRONNAIS;PRLV SGC VOIRON;2500885G10753981;2500885G10753981-;Prelevement;Juridique et administratif;Juridique et administratif - autre;-35;;10/01/2025;10/01/2025;0
10/01/2025;PISCINE;CB PISCINE FACT 080125;;;Carte bancaire;Juridique et administratif;Juridique et administratif - autre;-8,25;;08/01/2025;10/01/2025;0
10/01/2025;CAP ANIMAL;CB CAP ANIMAL FACT 080125;;;Carte bancaire;Shopping et services;Shopping et services - autre;-35,1;;08/01/2025;10/01/2025;0
10/01/2025;PROVENC'HALLES;CB PROVENC'HALLES FACT 080125;;;Carte bancaire;Alimentation;Hyper/supermarche;-12,54;;08/01/2025;10/01/2025;0
10/01/2025;BIOCOOP;CB BIOCOOP FACT 080125;;;Carte bancaire;Alimentation;Hyper/supermarche;-6,5;;08/01/2025;10/01/2025;0
10/01/2025;SUPER U;CB SUPER U FACT 080125;;;Carte bancaire;Alimentation;Hyper/supermarche;-115,94;;08/01/2025;10/01/2025;0
09/01/2025;AREA NFC;CB AREA NFC FACT 070125;;;Carte bancaire;Transports;Peage et Stationnement;-3,8;;07/01/2025;09/01/2025;0
09/01/2025;AREA NFC;CB AREA NFC FACT 070125;;;Carte bancaire;Transports;Peage et Stationnement;-2,3;;07/01/2025;09/01/2025;0
09/01/2025;COOPERATIVE DAUPHINOISE;CB COOP DAUPHINOIS FACT 060125;;;Carte bancaire;Shopping et services;Shopping et services - autre;-30,38;;06/01/2025;09/01/2025;0
08/01/2025;AREA;CB A.R.E.A. FACT 060125;;;Carte bancaire;Transports;Peage et Stationnement;-2,3;;06/01/2025;08/01/2025;0
08/01/2025;AREA;CB A.R.E.A. FACT 060125;;;Carte bancaire;Transports;Peage et Stationnement;-3,8;;06/01/2025;08/01/2025;0
08/01/2025;DALLMAYR DISTRIBUTION AUTOMATIQUE FRANCE;CB DALLMAYR DIST FACT 060125;;;Carte bancaire;Shopping et services;Shopping et services - autre;-5;;06/01/2025;08/01/2025;0
08/01/2025;BOULANGERIE DU;CB BOULANGERIE DU FACT 060125;;;Carte bancaire;Alimentation;Alimentation - autre;-3,9;;06/01/2025;08/01/2025;0
08/01/2025;BOULANGERIE DU;CB BOULANGERIE DU FACT 050125;;;Carte bancaire;Alimentation;Alimentation - autre;-4,05;;05/01/2025;08/01/2025;0
08/01/2025;BOULANGERIE DU;CB BOULANGERIE DU FACT 050125;;;Carte bancaire;Alimentation;Alimentation - autre;-6,65;;05/01/2025;08/01/2025;0
07/01/2025;LE PROVENCAL;CB LE PROVENCAL FACT 050125;;;Carte bancaire;Alimentation;Hyper/supermarche;-8,89;;05/01/2025;07/01/2025;0
07/01/2025;GAEC ENTRE FURE ET TOUR;CB GAECFUREETTOUR FACT 050125;;;Carte bancaire;Alimentation;Alimentation - autre;-5,5;;05/01/2025;07/01/2025;0
07/01/2025;GAEC DE SARAPIN;CB GAEC DE SARAPIN FACT 050125;;;Carte bancaire;Alimentation;Alimentation - autre;-4,86;;05/01/2025;07/01/2025;0
06/01/2025;EDITIONS DUPUIS;PRLV EDITIONS DUPUIS;2500385G10698663;2500385G10698663-;Prelevement;Loisirs et vacances;Livres, Magazines;-9,9;;06/01/2025;06/01/2025;0
06/01/2025;AXA;PRLV AXA;2500385G10800207;2500385G10800207-;Prelevement;Banque et assurances;Banque et assurance - autre;-8,2;;06/01/2025;06/01/2025;0
06/01/2025;AXA;PRLV AXA;2500385G10824988;2500385G10824988-;Prelevement;Banque et assurances;Banque et assurance - autre;-34,71;;06/01/2025;06/01/2025;0
06/01/2025;TELERAMA;PRLV TELERAMA;2500385G13503091;2500385G13503091-;Prelevement;Loisirs et vacances;Livres, Magazines;-11,85;;06/01/2025;06/01/2025;0
06/01/2025;AXA;PRLV AXA;2500385G10174480;2500385G10174480-;Prelevement;Banque et assurances;Banque et assurance - autre;-45,85;;06/01/2025;06/01/2025;0
06/01/2025;ECHEANCE DE CREDIT;ECH PRET 154925G DU 05/01/25;;;Pret;Banque et assurances;Credit;-581,48;;06/01/2025;05/01/2025;0
06/01/2025;ECHEANCE DE CREDIT;ECH PRET 154924G DU 05/01/25;;;Pret;Banque et assurances;Credit;-195,07;;06/01/2025;05/01/2025;0
06/01/2025;EPICES ET NOUS;CB EPICES ET NOUS FACT 040125;;;Carte bancaire;Shopping et services;Shopping et services - autre;-7,73;;04/01/2025;06/01/2025;0
06/01/2025;BOULANGERIE DU;CB BOULANGERIE DU FACT 040125;;;Carte bancaire;Alimentation;Alimentation - autre;-3,45;;04/01/2025;06/01/2025;0
06/01/2025;SARL LE BOUQUET PAYSAN;CB LE BOUQUET PAYS FACT 030125;;;Carte bancaire;Alimentation;Hyper/supermarche;-23,87;;03/01/2025;06/01/2025;0
06/01/2025;INTERMARCHE;CB INTERMARCHE APP FACT 030125;;;Carte bancaire;Alimentation;Hyper/supermarche;-60,33;;03/01/2025;06/01/2025;0
04/01/2025;AU VIEUX CAMPEU;CB AU VIEUX CAMPEU FACT 020125;;;Carte bancaire;Loisirs et vacances;Sport, Gym et Equipement;-631,9;;02/01/2025;06/01/2025;0
04/01/2025;AREA NFC;CB AREA NFC FACT 020125;;;Carte bancaire;Transports;Peage et Stationnement;-4,5;;02/01/2025;06/01/2025;0
04/01/2025;AREA NFC;CB AREA NFC FACT 020125;;;Carte bancaire;Transports;Peage et Stationnement;-4,5;;02/01/2025;06/01/2025;0
03/01/2025;VIREMENT VERS CPT DEPOT PART.;VIREMENT VERS CPT DEPOT PART.;2500385IN0084851;;Virement recu;Transaction exclue;Virement interne;;1000;03/01/2025;03/01/2025;0
03/01/2025;CHEQUE N0285;CHEQUE N�0000285;;;Cheque;A categoriser - sortie d'argent;Cheque - a categoriser;-60;;03/01/2025;03/01/2025;0
03/01/2025;LE LYCH ART;CB LE LYCH ART FACT 010125;;;Carte bancaire;Shopping et services;Shopping et services - autre;-96,6;;01/01/2025;03/01/2025;0
03/01/2025;SKI SERVICE CHARTREUSE;CB SSC FACT 010125;;;Carte bancaire;Logement - maison;Ameublement et appareil;-16;;01/01/2025;03/01/2025;0
03/01/2025;SKI-SAINT HUGUES-LES EGAUX;CB SKI-ST HUGES-EG FACT 010125;;;Carte bancaire;Loisirs et vacances;Sport, Gym et Equipement;-21;;01/01/2025;03/01/2025;0
03/01/2025;BOUCHERIE DU LA;CB BOUCHERIE DU LA FACT 311224;;;Carte bancaire;Alimentation;Alimentation - autre;-26,62;;31/12/2024;03/01/2025;0
02/01/2025;COTISATIONS BANCAIRES; MIN FORFAIT INTERET DEBITEUR;;;Frais bancaires;Banque et assurances;Frais bancaires;-3,5;;02/01/2025;02/01/2025;0
02/01/2025;CHEQUE N0284;CHEQUE N�0000284;;;Cheque;A categoriser - sortie d'argent;Cheque - a categoriser;-60;;02/01/2025;02/01/2025;0
02/01/2025;SALAIRE;SALAIRE;2500185IN0162549;;Virement recu;Transaction exclue;Virement interne;;2800;01/01/2025;01/01/2025;0
02/01/2025;INTERMARCHE;CB INTERMARCHE APP FACT 311224;;;Carte bancaire;Alimentation;Hyper/supermarche;-11,22;;31/12/2024;02/01/2025;0
02/01/2025;INTERMARCHE;CB INTERMARCHE APP FACT 311224;;;Carte bancaire;Alimentation;Hyper/supermarche;-26,14;;31/12/2024;02/01/2025;0
02/01/2025;MELIES LIGUE EN;CB MELIES LIGUE EN FACT 301224;;;Carte bancaire;Shopping et services;Cadeaux et dons;-19;;30/12/2024;02/01/2025;0
02/01/2025;PAIZA;CB PAIZA FACT 301224;;;Carte bancaire;Alimentation;Restaurant;-12,6;;30/12/2024;02/01/2025;0
02/01/2025;AREA NFC;CB AREA NFC FACT 301224;;;Carte bancaire;Transports;Peage et Stationnement;-3,8;;30/12/2024;02/01/2025;0
02/01/2025;AREA NFC;CB AREA NFC FACT 301224;;;Carte bancaire;Transports;Peage et Stationnement;-3,8;;30/12/2024;02/01/2025;0
02/01/2025;CARREFOUR;CB CARREFOUR FACT 301224;;;Carte bancaire;Banque et assurances;Banque et assurance - autre;-48,02;;30/12/2024;02/01/2025;0
02/01/2025;STATIONNEMENT;CB STATIONNEMENT FACT 301224;;;Carte bancaire;Juridique et administratif;Juridique et administratif - autre;-5,65;;30/12/2024;02/01/2025;0
02/01/2025;BOULANGERIE DU;CB BOULANGERIE DU FACT 291224;;;Carte bancaire;Alimentation;Alimentation - autre;-5,35;;29/12/2024;02/01/2025;0
02/01/2025;PROVENC'HALLES;CB PROVENC'HALLES FACT 281224;;;Carte bancaire;Alimentation;Hyper/supermarche;-13,06;;28/12/2024;02/01/2025;0
